{
  "project_info": {
    "project_number": "88195107359",
    "project_id": "my-application-15198",
    "storage_bucket": "my-application-15198.appspot.com"
  },
  "client": [
    {
      "client_info": {
        "mobilesdk_app_id": "1:88195107359:android:65cb75d697abc1e502232a",
        "android_client_info": {
          "package_name": "com.example.myapplication"
        }
      },
      "oauth_client": [
        {
          "client_id": "88195107359-tdrg5pgt3bfi9em8091f8r71ujvpg3m7.apps.googleusercontent.com",
          "client_type": 3
        }
      ],
      "api_key": [
        {
          "current_key": "AIzaSyDhSZ6fKEMJ_aPlzIX7hn7HJYOoxiowvDo"
        }
      ],
      "services": {
        "appinvite_service": {
          "other_platform_oauth_client": [
            {
              "client_id": "88195107359-tdrg5pgt3bfi9em8091f8r71ujvpg3m7.apps.googleusercontent.com",
              "client_type": 3
            }
          ]
        }
      }
    }
  ],
  "configuration_version": "1"
}